{"test_loss": 2.271483898162842, "position_error": 0.7900987267494202, "rotation_error": 54.17924880981445, "median_position_error": 0.785102128982544, "median_rotation_error": 52.7462878371325}