{"test_loss": -5.468481540679932, "position_error": 0.21871088445186615, "rotation_error": 5.8579421043396}