{"test_loss": -1.343725323677063, "position_error": 0.21355827152729034, "rotation_error": 16.79826545715332}