{"test_loss": -0.1615241914987564, "position_error": 0.20918436348438263, "rotation_error": 14.507468223571777}