{"test_loss": -1.7303745746612549, "position_error": 0.20856891572475433, "rotation_error": 6.3125691413879395, "median_position_error": 0.18382318317890167, "median_rotation_error": 5.58968679786045}