{"test_loss": -6.986603736877441, "position_error": 0.1819036304950714, "rotation_error": 5.324809551239014, "median_position_error": 0.14483819901943207, "median_rotation_error": 4.816855162141739}