{"test_loss": -6.152347564697266, "position_error": 0.19541515409946442, "rotation_error": 5.487009048461914, "median_position_error": 0.14638224244117737, "median_rotation_error": 4.498237936418045}