{"test_loss": 0.3896593749523163, "position_error": 0.35840916633605957, "rotation_error": 34.59945297241211}