{"test_loss": -2.0403285026550293, "position_error": 0.16760867834091187, "rotation_error": 6.381542682647705, "median_position_error": 0.13648582994937897, "median_rotation_error": 5.504927778798589}