{"test_loss": -0.10736352950334549, "position_error": 0.2245427519083023, "rotation_error": 14.547243118286133}