{"test_loss": 879.474609375, "position_error": 0.20884078741073608, "rotation_error": 7.746089935302734}