{"test_loss": 0.045019425451755524, "position_error": 0.1893073171377182, "rotation_error": 15.781693458557129}