{"test_loss": -4.488779067993164, "position_error": 0.19101528823375702, "rotation_error": 6.3432416915893555, "median_position_error": 0.14629270136356354, "median_rotation_error": 5.149849082294663}