{"test_loss": 31.389562606811523, "position_error": 1.5112972259521484, "rotation_error": 79.25139617919922}