{"test_loss": 0.42899090051651, "position_error": 0.37193676829338074, "rotation_error": 35.42751693725586}