{"test_loss": -2.072274684906006, "position_error": 0.2641514539718628, "rotation_error": 9.8774995803833, "median_position_error": 0.18543648719787598, "median_rotation_error": 6.113370208130021}