{"test_loss": -0.003298065159469843, "position_error": 0.23213690519332886, "rotation_error": 15.535435676574707}