{"test_loss": 0.5489932894706726, "position_error": 0.2685251235961914, "rotation_error": 16.825496673583984}