{"test_loss": -0.7509419918060303, "position_error": 0.24594344198703766, "rotation_error": 8.103437423706055}