{"test_loss": -0.4145384132862091, "position_error": 0.41713178157806396, "rotation_error": 27.41107940673828}