{"test_loss": 2.1070902347564697, "position_error": 0.25602367520332336, "rotation_error": 6.262086391448975, "median_position_error": 0.20500770211219788, "median_rotation_error": 5.28742680798188}