{"test_loss": -12.343732833862305, "position_error": 0.15725131332874298, "rotation_error": 5.747241973876953, "median_position_error": 0.1240544319152832, "median_rotation_error": 4.733817137307309}