{"test_loss": -4.794497013092041, "position_error": 0.24770089983940125, "rotation_error": 6.375616073608398, "median_position_error": 0.21955284476280212, "median_rotation_error": 5.359713901619298}