{"test_loss": -4.751745223999023, "position_error": 0.1655053347349167, "rotation_error": 5.273484706878662, "median_position_error": 0.12783856689929962, "median_rotation_error": 4.65745476861292}