{"test_loss": -1.3396340608596802, "position_error": 0.41473862528800964, "rotation_error": 17.77179718017578, "median_position_error": 0.39133918285369873, "median_rotation_error": 13.30880459778285}