{"test_loss": -5.525313854217529, "position_error": 0.36942169070243835, "rotation_error": 18.49521827697754, "median_position_error": 0.3301374316215515, "median_rotation_error": 13.471465552866704}