{"test_loss": -3.862999200820923, "position_error": 0.49804988503456116, "rotation_error": 19.560083389282227, "median_position_error": 0.48032712936401367, "median_rotation_error": 15.420386607996265}