{"test_loss": -0.08738113194704056, "position_error": 0.46624574065208435, "rotation_error": 15.673341751098633, "median_position_error": 0.4456688165664673, "median_rotation_error": 12.021423649148991}