{"test_loss": 0.46954095363616943, "position_error": 0.6403639912605286, "rotation_error": 29.138893127441406, "median_position_error": 0.5913470983505249, "median_rotation_error": 21.08291139693938}